<?xml version="1.0" encoding="UTF-8"?>
<!-- IMPORTANT: This is an internal file that has been generated
     by the Xilinx ISE software.  Any direct editing or
     changes made to this file may result in unpredictable
     behavior or data corruption.  It is strongly advised that
     users do not edit the contents of this file. -->
<DeviceUsageSummary rev="103">
<DesignStatistics TimeStamp="Thu Aug 04 19:49:15 2011"><group name="NetStatistics">
<item name="NumNets_Active" rev="103">
<attrib name="value" value="2448"/></item>
<item name="NumNets_Gnd" rev="103">
<attrib name="value" value="1"/></item>
<item name="NumNets_Vcc" rev="103">
<attrib name="value" value="1"/></item>
<item name="NumNodesOfType_Active_BRAMADDR" rev="103">
<attrib name="value" value="208"/></item>
<item name="NumNodesOfType_Active_BRAMDUMMY" rev="103">
<attrib name="value" value="123"/></item>
<item name="NumNodesOfType_Active_CLKPIN" rev="103">
<attrib name="value" value="453"/></item>
<item name="NumNodesOfType_Active_CNTRLPIN" rev="103">
<attrib name="value" value="464"/></item>
<item name="NumNodesOfType_Active_DOUBLE" rev="103">
<attrib name="value" value="6650"/></item>
<item name="NumNodesOfType_Active_DUMMY" rev="103">
<attrib name="value" value="7075"/></item>
<item name="NumNodesOfType_Active_DUMMYBANK" rev="103">
<attrib name="value" value="166"/></item>
<item name="NumNodesOfType_Active_DUMMYESC" rev="103">
<attrib name="value" value="5"/></item>
<item name="NumNodesOfType_Active_GLOBAL" rev="103">
<attrib name="value" value="182"/></item>
<item name="NumNodesOfType_Active_HFULLHEX" rev="103">
<attrib name="value" value="76"/></item>
<item name="NumNodesOfType_Active_HLONG" rev="103">
<attrib name="value" value="9"/></item>
<item name="NumNodesOfType_Active_HUNIHEX" rev="103">
<attrib name="value" value="490"/></item>
<item name="NumNodesOfType_Active_INPUT" rev="103">
<attrib name="value" value="8555"/></item>
<item name="NumNodesOfType_Active_IOBOUTPUT" rev="103">
<attrib name="value" value="3"/></item>
<item name="NumNodesOfType_Active_OMUX" rev="103">
<attrib name="value" value="1964"/></item>
<item name="NumNodesOfType_Active_OUTPUT" rev="103">
<attrib name="value" value="2321"/></item>
<item name="NumNodesOfType_Active_PREBXBY" rev="103">
<attrib name="value" value="2447"/></item>
<item name="NumNodesOfType_Active_VFULLHEX" rev="103">
<attrib name="value" value="299"/></item>
<item name="NumNodesOfType_Active_VLONG" rev="103">
<attrib name="value" value="68"/></item>
<item name="NumNodesOfType_Active_VUNIHEX" rev="103">
<attrib name="value" value="597"/></item>
<item name="NumNodesOfType_Gnd_BRAMADDR" rev="103">
<attrib name="value" value="193"/></item>
<item name="NumNodesOfType_Gnd_BRAMDUMMY" rev="103">
<attrib name="value" value="164"/></item>
<item name="NumNodesOfType_Gnd_CLKPIN" rev="103">
<attrib name="value" value="19"/></item>
<item name="NumNodesOfType_Gnd_CNTRLPIN" rev="103">
<attrib name="value" value="3"/></item>
<item name="NumNodesOfType_Gnd_DOUBLE" rev="103">
<attrib name="value" value="116"/></item>
<item name="NumNodesOfType_Gnd_DUMMYBANK" rev="103">
<attrib name="value" value="95"/></item>
<item name="NumNodesOfType_Gnd_INPUT" rev="103">
<attrib name="value" value="380"/></item>
<item name="NumNodesOfType_Gnd_OMUX" rev="103">
<attrib name="value" value="125"/></item>
<item name="NumNodesOfType_Gnd_OUTPUT" rev="103">
<attrib name="value" value="39"/></item>
<item name="NumNodesOfType_Gnd_PREBXBY" rev="103">
<attrib name="value" value="24"/></item>
<item name="NumNodesOfType_Gnd_VFULLHEX" rev="103">
<attrib name="value" value="17"/></item>
<item name="NumNodesOfType_Gnd_VUNIHEX" rev="103">
<attrib name="value" value="1"/></item>
<item name="NumNodesOfType_Vcc_BRAMADDR" rev="103">
<attrib name="value" value="1"/></item>
<item name="NumNodesOfType_Vcc_BRAMDUMMY" rev="103">
<attrib name="value" value="2"/></item>
<item name="NumNodesOfType_Vcc_CNTRLPIN" rev="103">
<attrib name="value" value="9"/></item>
<item name="NumNodesOfType_Vcc_INPUT" rev="103">
<attrib name="value" value="14"/></item>
<item name="NumNodesOfType_Vcc_PREBXBY" rev="103">
<attrib name="value" value="11"/></item>
<item name="NumNodesOfType_Vcc_VCCOUT" rev="103">
<attrib name="value" value="15"/></item>
</group>
<group name="SiteStatistics">
<item name="IBUF-DIFFS" rev="103">
<attrib name="value" value="1"/></item>
<item name="IBUF-DIFFSI" rev="103">
<attrib name="value" value="1"/></item>
<item name="IOB-DIFFM" rev="103">
<attrib name="value" value="16"/></item>
<item name="IOB-DIFFS" rev="103">
<attrib name="value" value="18"/></item>
<item name="SLICEL-SLICEM" rev="103">
<attrib name="value" value="565"/></item>
</group>
<group name="MiscellaneousStatistics">
<item name="AGG_BONDED_IO" rev="102">
<attrib name="value" value="38"/></item>
<item name="AGG_IO" rev="102">
<attrib name="value" value="38"/></item>
<item name="AGG_SLICE" rev="102">
<attrib name="value" value="1305"/></item>
<item name="NUM_4_INPUT_LUT" rev="102">
<attrib name="value" value="2253"/></item>
<item name="NUM_BONDED_IBUF" rev="102">
<attrib name="value" value="3"/></item>
<item name="NUM_BONDED_IOB" rev="102">
<attrib name="value" value="35"/></item>
<item name="NUM_BUFGMUX" rev="102">
<attrib name="value" value="9"/></item>
<item name="NUM_CYMUX" rev="102">
<attrib name="value" value="172"/></item>
<item name="NUM_DCM" rev="102">
<attrib name="value" value="1"/></item>
<item name="NUM_IOB_LATCH" rev="102">
<attrib name="value" value="16"/></item>
<item name="NUM_LUT_RT" rev="102">
<attrib name="value" value="95"/></item>
<item name="NUM_MULTAND" rev="102">
<attrib name="value" value="7"/></item>
<item name="NUM_RAMB16" rev="102">
<attrib name="value" value="17"/></item>
<item name="NUM_SLICEL" rev="102">
<attrib name="value" value="1241"/></item>
<item name="NUM_SLICEM" rev="102">
<attrib name="value" value="64"/></item>
<item name="NUM_SLICE_FF" rev="102">
<attrib name="value" value="510"/></item>
<item name="NUM_SLICE_LATCH" rev="102">
<attrib name="value" value="113"/></item>
<item name="NUM_XOR" rev="102">
<attrib name="value" value="185"/></item>
<item name="Xilinx Core blk_mem_gen_v6_1, Xilinx CORE Generator 13.1" rev="102">
<attrib name="value" value="9"/></item>
</group>
</DesignStatistics>
<DeviceUsage TimeStamp="Thu Aug 04 19:49:15 2011"><group name="SiteSummary">
<item name="BUFGMUX" rev="103">
<attrib name="total" value="1000000"/><attrib name="used" value="9"/></item>
<item name="BUFGMUX_GCLKMUX" rev="103">
<attrib name="total" value="1000000"/><attrib name="used" value="9"/></item>
<item name="BUFGMUX_GCLK_BUFFER" rev="103">
<attrib name="total" value="1000000"/><attrib name="used" value="9"/></item>
<item name="DCM" rev="103">
<attrib name="total" value="1000000"/><attrib name="used" value="1"/></item>
<item name="DCM_DCM" rev="103">
<attrib name="total" value="1000000"/><attrib name="used" value="1"/></item>
<item name="IBUF" rev="103">
<attrib name="total" value="1000000"/><attrib name="used" value="3"/></item>
<item name="IBUF_INBUF" rev="103">
<attrib name="total" value="1000000"/><attrib name="used" value="3"/></item>
<item name="IBUF_PAD" rev="103">
<attrib name="total" value="1000000"/><attrib name="used" value="3"/></item>
<item name="IOB" rev="103">
<attrib name="total" value="1000000"/><attrib name="used" value="35"/></item>
<item name="IOB_OFF1" rev="103">
<attrib name="total" value="1000000"/><attrib name="used" value="16"/></item>
<item name="IOB_OUTBUF" rev="103">
<attrib name="total" value="1000000"/><attrib name="used" value="35"/></item>
<item name="IOB_PAD" rev="103">
<attrib name="total" value="1000000"/><attrib name="used" value="35"/></item>
<item name="RAMB16" rev="103">
<attrib name="total" value="1000000"/><attrib name="used" value="17"/></item>
<item name="RAMB16_RAMB16" rev="103">
<attrib name="total" value="1000000"/><attrib name="used" value="17"/></item>
<item name="RAMB16_RAMB16A" rev="103">
<attrib name="total" value="1000000"/><attrib name="used" value="17"/></item>
<item name="RAMB16_RAMB16B" rev="103">
<attrib name="total" value="1000000"/><attrib name="used" value="17"/></item>
<item name="SLICEL" rev="103">
<attrib name="total" value="1000000"/><attrib name="used" value="1241"/></item>
<item name="SLICEL_C1VDD" rev="103">
<attrib name="total" value="1000000"/><attrib name="used" value="14"/></item>
<item name="SLICEL_C2VDD" rev="103">
<attrib name="total" value="1000000"/><attrib name="used" value="3"/></item>
<item name="SLICEL_CYMUXF" rev="103">
<attrib name="total" value="1000000"/><attrib name="used" value="93"/></item>
<item name="SLICEL_CYMUXG" rev="103">
<attrib name="total" value="1000000"/><attrib name="used" value="79"/></item>
<item name="SLICEL_F" rev="103">
<attrib name="total" value="1000000"/><attrib name="used" value="1061"/></item>
<item name="SLICEL_F5MUX" rev="103">
<attrib name="total" value="1000000"/><attrib name="used" value="371"/></item>
<item name="SLICEL_F6MUX" rev="103">
<attrib name="total" value="1000000"/><attrib name="used" value="44"/></item>
<item name="SLICEL_FAND" rev="103">
<attrib name="total" value="1000000"/><attrib name="used" value="4"/></item>
<item name="SLICEL_FFX" rev="103">
<attrib name="total" value="1000000"/><attrib name="used" value="329"/></item>
<item name="SLICEL_FFY" rev="103">
<attrib name="total" value="1000000"/><attrib name="used" value="294"/></item>
<item name="SLICEL_G" rev="103">
<attrib name="total" value="1000000"/><attrib name="used" value="1064"/></item>
<item name="SLICEL_GAND" rev="103">
<attrib name="total" value="1000000"/><attrib name="used" value="3"/></item>
<item name="SLICEL_GNDF" rev="103">
<attrib name="total" value="1000000"/><attrib name="used" value="40"/></item>
<item name="SLICEL_GNDG" rev="103">
<attrib name="total" value="1000000"/><attrib name="used" value="36"/></item>
<item name="SLICEL_VDDG" rev="103">
<attrib name="total" value="1000000"/><attrib name="used" value="1"/></item>
<item name="SLICEL_XORF" rev="103">
<attrib name="total" value="1000000"/><attrib name="used" value="96"/></item>
<item name="SLICEL_XORG" rev="103">
<attrib name="total" value="1000000"/><attrib name="used" value="89"/></item>
<item name="SLICEM" rev="103">
<attrib name="total" value="1000000"/><attrib name="used" value="64"/></item>
<item name="SLICEM_F" rev="103">
<attrib name="total" value="1000000"/><attrib name="used" value="64"/></item>
<item name="SLICEM_F5MUX" rev="103">
<attrib name="total" value="1000000"/><attrib name="used" value="64"/></item>
<item name="SLICEM_F6MUX" rev="103">
<attrib name="total" value="1000000"/><attrib name="used" value="64"/></item>
<item name="SLICEM_G" rev="103">
<attrib name="total" value="1000000"/><attrib name="used" value="64"/></item>
</group>
</DeviceUsage>
<ReportConfigData TimeStamp="Thu Aug 04 19:49:15 2011"><group name="SLICEL_CYMUXF">
<item name="0" rev="103">
<attrib name="0" value="93"/><attrib name="0_INV" value="0"/></item>
<item name="1" rev="103">
<attrib name="1_INV" value="0"/><attrib name="1" value="93"/></item>
</group>
<group name="SLICEL_CYMUXG">
<item name="0" rev="103">
<attrib name="0" value="78"/><attrib name="0_INV" value="0"/></item>
</group>
<group name="IBUF_PAD">
<item name="IOATTRBOX" rev="103">
<attrib name="LVCMOS25" value="3"/></item>
</group>
<group name="IBUF_INBUF">
<item name="IBUF_DELAY_VALUE" rev="103">
<attrib name="DLY0" value="1"/></item>
</group>
<group name="SLICEM_F">
<item name="LUT_OR_MEM" rev="103">
<attrib name="LUT" value="64"/></item>
</group>
<group name="SLICEM_G">
<item name="LUT_OR_MEM" rev="103">
<attrib name="LUT" value="64"/></item>
</group>
<group name="SLICEM_F6MUX">
<item name="S0" rev="103">
<attrib name="S0" value="64"/><attrib name="S0_INV" value="0"/></item>
</group>
<group name="SLICEL">
<item name="BX" rev="103">
<attrib name="BX_INV" value="5"/><attrib name="BX" value="512"/></item>
<item name="BY" rev="103">
<attrib name="BY" value="228"/><attrib name="BY_INV" value="6"/></item>
<item name="CE" rev="103">
<attrib name="CE" value="244"/><attrib name="CE_INV" value="13"/></item>
<item name="CIN" rev="103">
<attrib name="CIN_INV" value="0"/><attrib name="CIN" value="78"/></item>
<item name="CLK" rev="103">
<attrib name="CLK" value="353"/><attrib name="CLK_INV" value="66"/></item>
<item name="SR" rev="103">
<attrib name="SR" value="107"/><attrib name="SR_INV" value="84"/></item>
</group>
<group name="SLICEM">
<item name="BX" rev="103">
<attrib name="BX_INV" value="0"/><attrib name="BX" value="64"/></item>
<item name="BY" rev="103">
<attrib name="BY" value="64"/><attrib name="BY_INV" value="0"/></item>
</group>
<group name="SLICEL_F6MUX">
<item name="S0" rev="103">
<attrib name="S0" value="44"/><attrib name="S0_INV" value="0"/></item>
</group>
<group name="RAMB16">
<item name="CLKA" rev="103">
<attrib name="CLKA_INV" value="0"/><attrib name="CLKA" value="17"/></item>
<item name="CLKB" rev="103">
<attrib name="CLKB_INV" value="0"/><attrib name="CLKB" value="17"/></item>
<item name="ENA" rev="103">
<attrib name="ENA_INV" value="0"/><attrib name="ENA" value="17"/></item>
<item name="ENB" rev="103">
<attrib name="ENB_INV" value="0"/><attrib name="ENB" value="17"/></item>
<item name="SSRA" rev="103">
<attrib name="SSRA_INV" value="0"/><attrib name="SSRA" value="17"/></item>
<item name="SSRB" rev="103">
<attrib name="SSRB_INV" value="0"/><attrib name="SSRB" value="17"/></item>
<item name="WEA" rev="103">
<attrib name="WEA" value="17"/><attrib name="WEA_INV" value="0"/></item>
<item name="WEB" rev="103">
<attrib name="WEB" value="17"/><attrib name="WEB_INV" value="0"/></item>
</group>
<group name="IOB_OFF1">
<item name="CK" rev="103">
<attrib name="CK" value="16"/><attrib name="CK_INV" value="0"/></item>
<item name="D" rev="103">
<attrib name="D" value="16"/><attrib name="D_INV" value="0"/></item>
<item name="LATCH_OR_FF" rev="103">
<attrib name="LATCH" value="16"/></item>
<item name="OFF1_INIT_ATTR" rev="103">
<attrib name="INIT0" value="16"/></item>
<item name="OFF1_SR_ATTR" rev="103">
<attrib name="SRLOW" value="8"/></item>
<item name="OFFATTRBOX" rev="103">
<attrib name="ASYNC" value="8"/></item>
<item name="REV" rev="103">
<attrib name="REV_INV" value="0"/><attrib name="REV" value="8"/></item>
<item name="SR" rev="103">
<attrib name="SR" value="8"/><attrib name="SR_INV" value="0"/></item>
</group>
<group name="IOB_OFF2">
<item name="CK" rev="98">
<attrib name="CK" value="0"/><attrib name="CK_INV" value="1"/></item>
<item name="D" rev="98">
<attrib name="D" value="1"/><attrib name="D_INV" value="0"/></item>
<item name="LATCH_OR_FF" rev="98">
<attrib name="FF" value="1"/></item>
<item name="OFF2_INIT_ATTR" rev="98">
<attrib name="INIT0" value="1"/></item>
<item name="OFF2_SR_ATTR" rev="98">
<attrib name="SRLOW" value="1"/></item>
<item name="OFFATTRBOX" rev="98">
<attrib name="SYNC" value="1"/></item>
<item name="SR" rev="98">
<attrib name="SR" value="1"/><attrib name="SR_INV" value="0"/></item>
</group>
<group name="IOB_OUTBUF">
<item name="IN" rev="103">
<attrib name="IN_INV" value="0"/><attrib name="IN" value="35"/></item>
</group>
<group name="RAMB16_RAMB16A">
<item name="CLKA" rev="103">
<attrib name="CLKA_INV" value="0"/><attrib name="CLKA" value="17"/></item>
<item name="ENA" rev="103">
<attrib name="ENA_INV" value="0"/><attrib name="ENA" value="17"/></item>
<item name="PORTA_ATTR" rev="103">
<attrib name="512X36" value="1"/><attrib name="4096X4" value="16"/></item>
<item name="SSRA" rev="103">
<attrib name="SSRA_INV" value="0"/><attrib name="SSRA" value="17"/></item>
<item name="WEA" rev="103">
<attrib name="WEA" value="17"/><attrib name="WEA_INV" value="0"/></item>
<item name="WRITEMODEA" rev="103">
<attrib name="WRITE_FIRST" value="17"/></item>
</group>
<group name="RAMB16_RAMB16B">
<item name="CLKB" rev="103">
<attrib name="CLKB_INV" value="0"/><attrib name="CLKB" value="17"/></item>
<item name="ENB" rev="103">
<attrib name="ENB_INV" value="0"/><attrib name="ENB" value="17"/></item>
<item name="PORTB_ATTR" rev="103">
<attrib name="512X36" value="1"/><attrib name="4096X4" value="16"/></item>
<item name="SSRB" rev="103">
<attrib name="SSRB_INV" value="0"/><attrib name="SSRB" value="17"/></item>
<item name="WEB" rev="103">
<attrib name="WEB" value="17"/><attrib name="WEB_INV" value="0"/></item>
<item name="WRITEMODEB" rev="103">
<attrib name="WRITE_FIRST" value="17"/></item>
</group>
<group name="SLICEM_F5MUX">
<item name="S0" rev="103">
<attrib name="S0" value="64"/><attrib name="S0_INV" value="0"/></item>
</group>
<group name="SLICEL_FFX">
<item name="CE" rev="103">
<attrib name="CE" value="215"/><attrib name="CE_INV" value="10"/></item>
<item name="CK" rev="103">
<attrib name="CK" value="291"/><attrib name="CK_INV" value="38"/></item>
<item name="D" rev="103">
<attrib name="D" value="324"/><attrib name="D_INV" value="5"/></item>
<item name="FFX_INIT_ATTR" rev="103">
<attrib name="INIT0" value="321"/><attrib name="INIT1" value="8"/></item>
<item name="FFX_SR_ATTR" rev="103">
<attrib name="SRLOW" value="321"/><attrib name="SRHIGH" value="8"/></item>
<item name="LATCH_OR_FF" rev="103">
<attrib name="FF" value="283"/><attrib name="LATCH" value="46"/></item>
<item name="REV" rev="103">
<attrib name="REV_INV" value="1"/><attrib name="REV" value="3"/></item>
<item name="SR" rev="103">
<attrib name="SR" value="53"/><attrib name="SR_INV" value="76"/></item>
<item name="SYNC_ATTR" rev="103">
<attrib name="ASYNC" value="314"/><attrib name="SYNC" value="15"/></item>
</group>
<group name="SLICEL_XORF">
<item name="1" rev="103">
<attrib name="1_INV" value="0"/><attrib name="1" value="96"/></item>
</group>
<group name="SLICEL_FFY">
<item name="CE" rev="103">
<attrib name="CE" value="168"/><attrib name="CE_INV" value="11"/></item>
<item name="CK" rev="103">
<attrib name="CK" value="232"/><attrib name="CK_INV" value="62"/></item>
<item name="D" rev="103">
<attrib name="D" value="289"/><attrib name="D_INV" value="5"/></item>
<item name="FFY_INIT_ATTR" rev="103">
<attrib name="INIT0" value="286"/><attrib name="INIT1" value="8"/></item>
<item name="FFY_SR_ATTR" rev="103">
<attrib name="SRLOW" value="287"/><attrib name="SRHIGH" value="7"/></item>
<item name="LATCH_OR_FF" rev="103">
<attrib name="FF" value="227"/><attrib name="LATCH" value="67"/></item>
<item name="REV" rev="103">
<attrib name="REV_INV" value="0"/><attrib name="REV" value="38"/></item>
<item name="SR" rev="103">
<attrib name="SR" value="76"/><attrib name="SR_INV" value="29"/></item>
<item name="SYNC_ATTR" rev="103">
<attrib name="ASYNC" value="270"/><attrib name="SYNC" value="24"/></item>
</group>
<group name="BUFGMUX_GCLKMUX">
<item name="DISABLE_ATTR" rev="103">
<attrib name="LOW" value="9"/></item>
<item name="S" rev="103">
<attrib name="S_INV" value="9"/><attrib name="S" value="0"/></item>
</group>
<group name="SLICEL_F5MUX">
<item name="S0" rev="103">
<attrib name="S0" value="371"/><attrib name="S0_INV" value="0"/></item>
</group>
<group name="IOB_PAD">
<item name="DRIVEATTRBOX" rev="103">
<attrib name="12" value="35"/></item>
<item name="IOATTRBOX" rev="103">
<attrib name="LVCMOS25" value="35"/></item>
<item name="SLEW" rev="103">
<attrib name="SLOW" value="35"/></item>
</group>
<group name="IOB">
<item name="O1" rev="103">
<attrib name="O1_INV" value="0"/><attrib name="O1" value="35"/></item>
<item name="OTCLK1" rev="103">
<attrib name="OTCLK1_INV" value="0"/><attrib name="OTCLK1" value="16"/></item>
<item name="REV" rev="103">
<attrib name="REV_INV" value="0"/><attrib name="REV" value="8"/></item>
<item name="SR" rev="103">
<attrib name="SR" value="8"/><attrib name="SR_INV" value="0"/></item>
</group>
<group name="DCM_DCM">
<item name="CLKDV_DIVIDE" rev="103">
<attrib name="2" value="1"/></item>
<item name="CLKOUT_PHASE_SHIFT" rev="103">
<attrib name="NONE" value="1"/></item>
<item name="CLK_FEEDBACK" rev="103">
<attrib name="1X" value="1"/></item>
<item name="DESKEW_ADJUST" rev="103">
<attrib name="6" value="1"/></item>
<item name="DFS_FREQUENCY_MODE" rev="103">
<attrib name="LOW" value="1"/></item>
<item name="DLL_FREQUENCY_MODE" rev="103">
<attrib name="LOW" value="1"/></item>
<item name="DUTY_CYCLE_CORRECTION" rev="103">
<attrib name="TRUE" value="1"/></item>
<item name="FACTORY_JF1" rev="103">
<attrib name="0XC0" value="1"/></item>
<item name="FACTORY_JF2" rev="103">
<attrib name="0X80" value="1"/></item>
<item name="PSCLK" rev="103">
<attrib name="PSCLK_INV" value="0"/><attrib name="PSCLK" value="1"/></item>
<item name="PSEN" rev="103">
<attrib name="PSEN_INV" value="0"/><attrib name="PSEN" value="1"/></item>
<item name="PSINCDEC" rev="103">
<attrib name="PSINCDEC" value="1"/><attrib name="PSINCDEC_INV" value="0"/></item>
<item name="RST" rev="103">
<attrib name="RST" value="1"/><attrib name="RST_INV" value="0"/></item>
</group>
<group name="BUFGMUX">
<item name="S" rev="103">
<attrib name="S_INV" value="9"/><attrib name="S" value="0"/></item>
</group>
<group name="DCM">
<item name="PSCLK" rev="103">
<attrib name="PSCLK_INV" value="0"/><attrib name="PSCLK" value="1"/></item>
<item name="PSEN" rev="103">
<attrib name="PSEN_INV" value="0"/><attrib name="PSEN" value="1"/></item>
<item name="PSINCDEC" rev="103">
<attrib name="PSINCDEC" value="1"/><attrib name="PSINCDEC_INV" value="0"/></item>
<item name="RST" rev="103">
<attrib name="RST" value="1"/><attrib name="RST_INV" value="0"/></item>
</group>
</ReportConfigData>
<ReportPinData TimeStamp="Thu Aug 04 19:49:15 2011"><group name="SLICEL_CYMUXF">
<item name="0" rev="103">
<attrib name="value" value="93"/></item>
<item name="1" rev="103">
<attrib name="value" value="93"/></item>
<item name="OUT" rev="103">
<attrib name="value" value="93"/></item>
<item name="S0" rev="103">
<attrib name="value" value="93"/></item>
</group>
<group name="SLICEL_CYMUXG">
<item name="0" rev="103">
<attrib name="value" value="78"/></item>
<item name="1" rev="103">
<attrib name="value" value="79"/></item>
<item name="OUT" rev="103">
<attrib name="value" value="79"/></item>
<item name="S0" rev="103">
<attrib name="value" value="79"/></item>
</group>
<group name="IBUF_PAD">
<item name="PAD" rev="103">
<attrib name="value" value="3"/></item>
</group>
<group name="IBUF_INBUF">
<item name="IN" rev="103">
<attrib name="value" value="3"/></item>
<item name="OUT" rev="103">
<attrib name="value" value="3"/></item>
</group>
<group name="SLICEM_F">
<item name="A1" rev="103">
<attrib name="value" value="32"/></item>
<item name="A2" rev="103">
<attrib name="value" value="32"/></item>
<item name="A3" rev="103">
<attrib name="value" value="32"/></item>
<item name="D" rev="103">
<attrib name="value" value="64"/></item>
</group>
<group name="SLICEM_G">
<item name="A1" rev="103">
<attrib name="value" value="32"/></item>
<item name="A2" rev="103">
<attrib name="value" value="32"/></item>
<item name="A3" rev="103">
<attrib name="value" value="32"/></item>
<item name="D" rev="103">
<attrib name="value" value="64"/></item>
</group>
<group name="BUFGMUX_GCLK_BUFFER">
<item name="IN" rev="103">
<attrib name="value" value="9"/></item>
<item name="OUT" rev="103">
<attrib name="value" value="9"/></item>
</group>
<group name="SLICEM_F6MUX">
<item name="0" rev="103">
<attrib name="value" value="64"/></item>
<item name="1" rev="103">
<attrib name="value" value="64"/></item>
<item name="OUT" rev="103">
<attrib name="value" value="64"/></item>
<item name="S0" rev="103">
<attrib name="value" value="64"/></item>
</group>
<group name="SLICEL">
<item name="BX" rev="103">
<attrib name="value" value="517"/></item>
<item name="BY" rev="103">
<attrib name="value" value="234"/></item>
<item name="CE" rev="103">
<attrib name="value" value="257"/></item>
<item name="CIN" rev="103">
<attrib name="value" value="78"/></item>
<item name="CLK" rev="103">
<attrib name="value" value="419"/></item>
<item name="COUT" rev="103">
<attrib name="value" value="79"/></item>
<item name="F1" rev="103">
<attrib name="value" value="1015"/></item>
<item name="F2" rev="103">
<attrib name="value" value="951"/></item>
<item name="F3" rev="103">
<attrib name="value" value="869"/></item>
<item name="F4" rev="103">
<attrib name="value" value="559"/></item>
<item name="F5" rev="103">
<attrib name="value" value="88"/></item>
<item name="FX" rev="103">
<attrib name="value" value="32"/></item>
<item name="FXINA" rev="103">
<attrib name="value" value="44"/></item>
<item name="FXINB" rev="103">
<attrib name="value" value="44"/></item>
<item name="G1" rev="103">
<attrib name="value" value="1020"/></item>
<item name="G2" rev="103">
<attrib name="value" value="970"/></item>
<item name="G3" rev="103">
<attrib name="value" value="887"/></item>
<item name="G4" rev="103">
<attrib name="value" value="578"/></item>
<item name="SR" rev="103">
<attrib name="value" value="191"/></item>
<item name="X" rev="103">
<attrib name="value" value="768"/></item>
<item name="XB" rev="103">
<attrib name="value" value="2"/></item>
<item name="XQ" rev="103">
<attrib name="value" value="329"/></item>
<item name="Y" rev="103">
<attrib name="value" value="589"/></item>
<item name="YQ" rev="103">
<attrib name="value" value="294"/></item>
</group>
<group name="SLICEM">
<item name="BX" rev="103">
<attrib name="value" value="64"/></item>
<item name="BY" rev="103">
<attrib name="value" value="64"/></item>
<item name="F1" rev="103">
<attrib name="value" value="32"/></item>
<item name="F2" rev="103">
<attrib name="value" value="32"/></item>
<item name="F3" rev="103">
<attrib name="value" value="32"/></item>
<item name="F5" rev="103">
<attrib name="value" value="64"/></item>
<item name="FX" rev="103">
<attrib name="value" value="32"/></item>
<item name="FXINA" rev="103">
<attrib name="value" value="64"/></item>
<item name="FXINB" rev="103">
<attrib name="value" value="64"/></item>
<item name="G1" rev="103">
<attrib name="value" value="32"/></item>
<item name="G2" rev="103">
<attrib name="value" value="32"/></item>
<item name="G3" rev="103">
<attrib name="value" value="32"/></item>
<item name="Y" rev="103">
<attrib name="value" value="32"/></item>
</group>
<group name="SLICEL_F6MUX">
<item name="0" rev="103">
<attrib name="value" value="44"/></item>
<item name="1" rev="103">
<attrib name="value" value="44"/></item>
<item name="OUT" rev="103">
<attrib name="value" value="44"/></item>
<item name="S0" rev="103">
<attrib name="value" value="44"/></item>
</group>
<group name="RAMB16">
<item name="ADDRA10" rev="103">
<attrib name="value" value="17"/></item>
<item name="ADDRA11" rev="103">
<attrib name="value" value="17"/></item>
<item name="ADDRA12" rev="103">
<attrib name="value" value="17"/></item>
<item name="ADDRA13" rev="103">
<attrib name="value" value="17"/></item>
<item name="ADDRA2" rev="103">
<attrib name="value" value="16"/></item>
<item name="ADDRA3" rev="103">
<attrib name="value" value="16"/></item>
<item name="ADDRA4" rev="103">
<attrib name="value" value="16"/></item>
<item name="ADDRA5" rev="103">
<attrib name="value" value="17"/></item>
<item name="ADDRA6" rev="103">
<attrib name="value" value="17"/></item>
<item name="ADDRA7" rev="103">
<attrib name="value" value="17"/></item>
<item name="ADDRA8" rev="103">
<attrib name="value" value="17"/></item>
<item name="ADDRA9" rev="103">
<attrib name="value" value="17"/></item>
<item name="ADDRB10" rev="103">
<attrib name="value" value="17"/></item>
<item name="ADDRB11" rev="103">
<attrib name="value" value="17"/></item>
<item name="ADDRB12" rev="103">
<attrib name="value" value="17"/></item>
<item name="ADDRB13" rev="103">
<attrib name="value" value="17"/></item>
<item name="ADDRB2" rev="103">
<attrib name="value" value="16"/></item>
<item name="ADDRB3" rev="103">
<attrib name="value" value="16"/></item>
<item name="ADDRB4" rev="103">
<attrib name="value" value="16"/></item>
<item name="ADDRB5" rev="103">
<attrib name="value" value="17"/></item>
<item name="ADDRB6" rev="103">
<attrib name="value" value="17"/></item>
<item name="ADDRB7" rev="103">
<attrib name="value" value="17"/></item>
<item name="ADDRB8" rev="103">
<attrib name="value" value="17"/></item>
<item name="ADDRB9" rev="103">
<attrib name="value" value="17"/></item>
<item name="CLKA" rev="103">
<attrib name="value" value="17"/></item>
<item name="CLKB" rev="103">
<attrib name="value" value="17"/></item>
<item name="DIA0" rev="103">
<attrib name="value" value="4"/></item>
<item name="DIA1" rev="103">
<attrib name="value" value="4"/></item>
<item name="DIA2" rev="103">
<attrib name="value" value="4"/></item>
<item name="DIA3" rev="103">
<attrib name="value" value="4"/></item>
<item name="DIB0" rev="103">
<attrib name="value" value="13"/></item>
<item name="DIB1" rev="103">
<attrib name="value" value="13"/></item>
<item name="DIB10" rev="103">
<attrib name="value" value="1"/></item>
<item name="DIB11" rev="103">
<attrib name="value" value="1"/></item>
<item name="DIB12" rev="103">
<attrib name="value" value="1"/></item>
<item name="DIB13" rev="103">
<attrib name="value" value="1"/></item>
<item name="DIB14" rev="103">
<attrib name="value" value="1"/></item>
<item name="DIB15" rev="103">
<attrib name="value" value="1"/></item>
<item name="DIB16" rev="103">
<attrib name="value" value="1"/></item>
<item name="DIB17" rev="103">
<attrib name="value" value="1"/></item>
<item name="DIB18" rev="103">
<attrib name="value" value="1"/></item>
<item name="DIB19" rev="103">
<attrib name="value" value="1"/></item>
<item name="DIB2" rev="103">
<attrib name="value" value="13"/></item>
<item name="DIB20" rev="103">
<attrib name="value" value="1"/></item>
<item name="DIB21" rev="103">
<attrib name="value" value="1"/></item>
<item name="DIB22" rev="103">
<attrib name="value" value="1"/></item>
<item name="DIB23" rev="103">
<attrib name="value" value="1"/></item>
<item name="DIB24" rev="103">
<attrib name="value" value="1"/></item>
<item name="DIB25" rev="103">
<attrib name="value" value="1"/></item>
<item name="DIB26" rev="103">
<attrib name="value" value="1"/></item>
<item name="DIB27" rev="103">
<attrib name="value" value="1"/></item>
<item name="DIB28" rev="103">
<attrib name="value" value="1"/></item>
<item name="DIB29" rev="103">
<attrib name="value" value="1"/></item>
<item name="DIB3" rev="103">
<attrib name="value" value="13"/></item>
<item name="DIB30" rev="103">
<attrib name="value" value="1"/></item>
<item name="DIB31" rev="103">
<attrib name="value" value="1"/></item>
<item name="DIB4" rev="103">
<attrib name="value" value="1"/></item>
<item name="DIB5" rev="103">
<attrib name="value" value="1"/></item>
<item name="DIB6" rev="103">
<attrib name="value" value="1"/></item>
<item name="DIB7" rev="103">
<attrib name="value" value="1"/></item>
<item name="DIB8" rev="103">
<attrib name="value" value="1"/></item>
<item name="DIB9" rev="103">
<attrib name="value" value="1"/></item>
<item name="DIPB0" rev="103">
<attrib name="value" value="1"/></item>
<item name="DIPB1" rev="103">
<attrib name="value" value="1"/></item>
<item name="DIPB2" rev="103">
<attrib name="value" value="1"/></item>
<item name="DIPB3" rev="103">
<attrib name="value" value="1"/></item>
<item name="DOA0" rev="103">
<attrib name="value" value="17"/></item>
<item name="DOA1" rev="103">
<attrib name="value" value="17"/></item>
<item name="DOA10" rev="103">
<attrib name="value" value="1"/></item>
<item name="DOA16" rev="103">
<attrib name="value" value="1"/></item>
<item name="DOA17" rev="103">
<attrib name="value" value="1"/></item>
<item name="DOA18" rev="103">
<attrib name="value" value="1"/></item>
<item name="DOA2" rev="103">
<attrib name="value" value="17"/></item>
<item name="DOA24" rev="103">
<attrib name="value" value="1"/></item>
<item name="DOA25" rev="103">
<attrib name="value" value="1"/></item>
<item name="DOA26" rev="103">
<attrib name="value" value="1"/></item>
<item name="DOA3" rev="103">
<attrib name="value" value="16"/></item>
<item name="DOA8" rev="103">
<attrib name="value" value="1"/></item>
<item name="DOA9" rev="103">
<attrib name="value" value="1"/></item>
<item name="DOB1" rev="103">
<attrib name="value" value="1"/></item>
<item name="DOB10" rev="103">
<attrib name="value" value="1"/></item>
<item name="DOB16" rev="103">
<attrib name="value" value="1"/></item>
<item name="DOB17" rev="103">
<attrib name="value" value="1"/></item>
<item name="DOB18" rev="103">
<attrib name="value" value="1"/></item>
<item name="DOB2" rev="103">
<attrib name="value" value="1"/></item>
<item name="DOB24" rev="103">
<attrib name="value" value="1"/></item>
<item name="DOB25" rev="103">
<attrib name="value" value="1"/></item>
<item name="DOB26" rev="103">
<attrib name="value" value="1"/></item>
<item name="DOB8" rev="103">
<attrib name="value" value="1"/></item>
<item name="DOB9" rev="103">
<attrib name="value" value="1"/></item>
<item name="ENA" rev="103">
<attrib name="value" value="17"/></item>
<item name="ENB" rev="103">
<attrib name="value" value="17"/></item>
<item name="SSRA" rev="103">
<attrib name="value" value="17"/></item>
<item name="SSRB" rev="103">
<attrib name="value" value="17"/></item>
<item name="WEA" rev="103">
<attrib name="value" value="17"/></item>
<item name="WEB" rev="103">
<attrib name="value" value="17"/></item>
</group>
<group name="IOB_OFF1">
<item name="CK" rev="103">
<attrib name="value" value="16"/></item>
<item name="D" rev="103">
<attrib name="value" value="16"/></item>
<item name="Q" rev="103">
<attrib name="value" value="16"/></item>
<item name="REV" rev="103">
<attrib name="value" value="8"/></item>
<item name="SR" rev="103">
<attrib name="value" value="8"/></item>
</group>
<group name="IOB_OFF2">
<item name="CK" rev="98">
<attrib name="value" value="1"/></item>
<item name="D" rev="98">
<attrib name="value" value="1"/></item>
<item name="Q" rev="98">
<attrib name="value" value="1"/></item>
<item name="SR" rev="98">
<attrib name="value" value="1"/></item>
</group>
<group name="IOB_OUTBUF">
<item name="IN" rev="103">
<attrib name="value" value="35"/></item>
<item name="OUT" rev="103">
<attrib name="value" value="35"/></item>
</group>
<group name="RAMB16_RAMB16A">
<item name="ADDRA" rev="103">
<attrib name="value" value="17"/></item>
<item name="ADDRA10" rev="103">
<attrib name="value" value="17"/></item>
<item name="ADDRA11" rev="103">
<attrib name="value" value="17"/></item>
<item name="ADDRA12" rev="103">
<attrib name="value" value="17"/></item>
<item name="ADDRA13" rev="103">
<attrib name="value" value="17"/></item>
<item name="ADDRA2" rev="103">
<attrib name="value" value="16"/></item>
<item name="ADDRA3" rev="103">
<attrib name="value" value="16"/></item>
<item name="ADDRA4" rev="103">
<attrib name="value" value="16"/></item>
<item name="ADDRA5" rev="103">
<attrib name="value" value="17"/></item>
<item name="ADDRA6" rev="103">
<attrib name="value" value="17"/></item>
<item name="ADDRA7" rev="103">
<attrib name="value" value="17"/></item>
<item name="ADDRA8" rev="103">
<attrib name="value" value="17"/></item>
<item name="ADDRA9" rev="103">
<attrib name="value" value="17"/></item>
<item name="CLKA" rev="103">
<attrib name="value" value="17"/></item>
<item name="DIA" rev="103">
<attrib name="value" value="17"/></item>
<item name="DIA0" rev="103">
<attrib name="value" value="4"/></item>
<item name="DIA1" rev="103">
<attrib name="value" value="4"/></item>
<item name="DIA2" rev="103">
<attrib name="value" value="4"/></item>
<item name="DIA3" rev="103">
<attrib name="value" value="4"/></item>
<item name="DOA" rev="103">
<attrib name="value" value="17"/></item>
<item name="DOA0" rev="103">
<attrib name="value" value="17"/></item>
<item name="DOA1" rev="103">
<attrib name="value" value="17"/></item>
<item name="DOA10" rev="103">
<attrib name="value" value="1"/></item>
<item name="DOA16" rev="103">
<attrib name="value" value="1"/></item>
<item name="DOA17" rev="103">
<attrib name="value" value="1"/></item>
<item name="DOA18" rev="103">
<attrib name="value" value="1"/></item>
<item name="DOA2" rev="103">
<attrib name="value" value="17"/></item>
<item name="DOA24" rev="103">
<attrib name="value" value="1"/></item>
<item name="DOA25" rev="103">
<attrib name="value" value="1"/></item>
<item name="DOA26" rev="103">
<attrib name="value" value="1"/></item>
<item name="DOA3" rev="103">
<attrib name="value" value="16"/></item>
<item name="DOA8" rev="103">
<attrib name="value" value="1"/></item>
<item name="DOA9" rev="103">
<attrib name="value" value="1"/></item>
<item name="ENA" rev="103">
<attrib name="value" value="17"/></item>
<item name="SSRA" rev="103">
<attrib name="value" value="17"/></item>
<item name="WEA" rev="103">
<attrib name="value" value="17"/></item>
</group>
<group name="RAMB16_RAMB16B">
<item name="ADDRB" rev="103">
<attrib name="value" value="17"/></item>
<item name="ADDRB10" rev="103">
<attrib name="value" value="17"/></item>
<item name="ADDRB11" rev="103">
<attrib name="value" value="17"/></item>
<item name="ADDRB12" rev="103">
<attrib name="value" value="17"/></item>
<item name="ADDRB13" rev="103">
<attrib name="value" value="17"/></item>
<item name="ADDRB2" rev="103">
<attrib name="value" value="16"/></item>
<item name="ADDRB3" rev="103">
<attrib name="value" value="16"/></item>
<item name="ADDRB4" rev="103">
<attrib name="value" value="16"/></item>
<item name="ADDRB5" rev="103">
<attrib name="value" value="17"/></item>
<item name="ADDRB6" rev="103">
<attrib name="value" value="17"/></item>
<item name="ADDRB7" rev="103">
<attrib name="value" value="17"/></item>
<item name="ADDRB8" rev="103">
<attrib name="value" value="17"/></item>
<item name="ADDRB9" rev="103">
<attrib name="value" value="17"/></item>
<item name="CLKB" rev="103">
<attrib name="value" value="17"/></item>
<item name="DIB" rev="103">
<attrib name="value" value="17"/></item>
<item name="DIB0" rev="103">
<attrib name="value" value="13"/></item>
<item name="DIB1" rev="103">
<attrib name="value" value="13"/></item>
<item name="DIB10" rev="103">
<attrib name="value" value="1"/></item>
<item name="DIB11" rev="103">
<attrib name="value" value="1"/></item>
<item name="DIB12" rev="103">
<attrib name="value" value="1"/></item>
<item name="DIB13" rev="103">
<attrib name="value" value="1"/></item>
<item name="DIB14" rev="103">
<attrib name="value" value="1"/></item>
<item name="DIB15" rev="103">
<attrib name="value" value="1"/></item>
<item name="DIB16" rev="103">
<attrib name="value" value="1"/></item>
<item name="DIB17" rev="103">
<attrib name="value" value="1"/></item>
<item name="DIB18" rev="103">
<attrib name="value" value="1"/></item>
<item name="DIB19" rev="103">
<attrib name="value" value="1"/></item>
<item name="DIB2" rev="103">
<attrib name="value" value="13"/></item>
<item name="DIB20" rev="103">
<attrib name="value" value="1"/></item>
<item name="DIB21" rev="103">
<attrib name="value" value="1"/></item>
<item name="DIB22" rev="103">
<attrib name="value" value="1"/></item>
<item name="DIB23" rev="103">
<attrib name="value" value="1"/></item>
<item name="DIB24" rev="103">
<attrib name="value" value="1"/></item>
<item name="DIB25" rev="103">
<attrib name="value" value="1"/></item>
<item name="DIB26" rev="103">
<attrib name="value" value="1"/></item>
<item name="DIB27" rev="103">
<attrib name="value" value="1"/></item>
<item name="DIB28" rev="103">
<attrib name="value" value="1"/></item>
<item name="DIB29" rev="103">
<attrib name="value" value="1"/></item>
<item name="DIB3" rev="103">
<attrib name="value" value="13"/></item>
<item name="DIB30" rev="103">
<attrib name="value" value="1"/></item>
<item name="DIB31" rev="103">
<attrib name="value" value="1"/></item>
<item name="DIB4" rev="103">
<attrib name="value" value="1"/></item>
<item name="DIB5" rev="103">
<attrib name="value" value="1"/></item>
<item name="DIB6" rev="103">
<attrib name="value" value="1"/></item>
<item name="DIB7" rev="103">
<attrib name="value" value="1"/></item>
<item name="DIB8" rev="103">
<attrib name="value" value="1"/></item>
<item name="DIB9" rev="103">
<attrib name="value" value="1"/></item>
<item name="DIPB0" rev="103">
<attrib name="value" value="1"/></item>
<item name="DIPB1" rev="103">
<attrib name="value" value="1"/></item>
<item name="DIPB2" rev="103">
<attrib name="value" value="1"/></item>
<item name="DIPB3" rev="103">
<attrib name="value" value="1"/></item>
<item name="DOB" rev="103">
<attrib name="value" value="17"/></item>
<item name="DOB1" rev="103">
<attrib name="value" value="1"/></item>
<item name="DOB10" rev="103">
<attrib name="value" value="1"/></item>
<item name="DOB16" rev="103">
<attrib name="value" value="1"/></item>
<item name="DOB17" rev="103">
<attrib name="value" value="1"/></item>
<item name="DOB18" rev="103">
<attrib name="value" value="1"/></item>
<item name="DOB2" rev="103">
<attrib name="value" value="1"/></item>
<item name="DOB24" rev="103">
<attrib name="value" value="1"/></item>
<item name="DOB25" rev="103">
<attrib name="value" value="1"/></item>
<item name="DOB26" rev="103">
<attrib name="value" value="1"/></item>
<item name="DOB8" rev="103">
<attrib name="value" value="1"/></item>
<item name="DOB9" rev="103">
<attrib name="value" value="1"/></item>
<item name="ENB" rev="103">
<attrib name="value" value="17"/></item>
<item name="SSRB" rev="103">
<attrib name="value" value="17"/></item>
<item name="WEB" rev="103">
<attrib name="value" value="17"/></item>
</group>
<group name="IBUF">
<item name="I" rev="103">
<attrib name="value" value="3"/></item>
<item name="PAD" rev="103">
<attrib name="value" value="3"/></item>
</group>
<group name="SLICEL_VDDG">
<item name="1" rev="103">
<attrib name="value" value="1"/></item>
</group>
<group name="SLICEM_F5MUX">
<item name="F" rev="103">
<attrib name="value" value="64"/></item>
<item name="G" rev="103">
<attrib name="value" value="64"/></item>
<item name="OUT" rev="103">
<attrib name="value" value="64"/></item>
<item name="S0" rev="103">
<attrib name="value" value="64"/></item>
</group>
<group name="SLICEL_C2VDD">
<item name="1" rev="103">
<attrib name="value" value="3"/></item>
</group>
<group name="SLICEL_XORF">
<item name="0" rev="103">
<attrib name="value" value="96"/></item>
<item name="1" rev="103">
<attrib name="value" value="96"/></item>
<item name="O" rev="103">
<attrib name="value" value="96"/></item>
</group>
<group name="SLICEL_FFX">
<item name="CE" rev="103">
<attrib name="value" value="225"/></item>
<item name="CK" rev="103">
<attrib name="value" value="329"/></item>
<item name="D" rev="103">
<attrib name="value" value="329"/></item>
<item name="Q" rev="103">
<attrib name="value" value="329"/></item>
<item name="REV" rev="103">
<attrib name="value" value="4"/></item>
<item name="SR" rev="103">
<attrib name="value" value="129"/></item>
</group>
<group name="SLICEL_FFY">
<item name="CE" rev="103">
<attrib name="value" value="179"/></item>
<item name="CK" rev="103">
<attrib name="value" value="294"/></item>
<item name="D" rev="103">
<attrib name="value" value="294"/></item>
<item name="Q" rev="103">
<attrib name="value" value="294"/></item>
<item name="REV" rev="103">
<attrib name="value" value="38"/></item>
<item name="SR" rev="103">
<attrib name="value" value="105"/></item>
</group>
<group name="SLICEL_XORG">
<item name="0" rev="103">
<attrib name="value" value="89"/></item>
<item name="1" rev="103">
<attrib name="value" value="89"/></item>
<item name="O" rev="103">
<attrib name="value" value="89"/></item>
</group>
<group name="BUFGMUX_GCLKMUX">
<item name="I0" rev="103">
<attrib name="value" value="9"/></item>
<item name="OUT" rev="103">
<attrib name="value" value="9"/></item>
<item name="S" rev="103">
<attrib name="value" value="9"/></item>
</group>
<group name="SLICEL_F5MUX">
<item name="F" rev="103">
<attrib name="value" value="369"/></item>
<item name="G" rev="103">
<attrib name="value" value="371"/></item>
<item name="OUT" rev="103">
<attrib name="value" value="371"/></item>
<item name="S0" rev="103">
<attrib name="value" value="371"/></item>
</group>
<group name="SLICEL_GAND">
<item name="0" rev="103">
<attrib name="value" value="3"/></item>
<item name="1" rev="103">
<attrib name="value" value="3"/></item>
<item name="O" rev="103">
<attrib name="value" value="3"/></item>
</group>
<group name="IOB_PAD">
<item name="PAD" rev="103">
<attrib name="value" value="35"/></item>
</group>
<group name="IOB">
<item name="O1" rev="103">
<attrib name="value" value="35"/></item>
<item name="OTCLK1" rev="103">
<attrib name="value" value="16"/></item>
<item name="PAD" rev="103">
<attrib name="value" value="35"/></item>
<item name="REV" rev="103">
<attrib name="value" value="8"/></item>
<item name="SR" rev="103">
<attrib name="value" value="8"/></item>
</group>
<group name="SLICEL_C1VDD">
<item name="1" rev="103">
<attrib name="value" value="14"/></item>
</group>
<group name="DCM_DCM">
<item name="CLK0" rev="103">
<attrib name="value" value="1"/></item>
<item name="CLKFB" rev="103">
<attrib name="value" value="1"/></item>
<item name="CLKFX" rev="103">
<attrib name="value" value="1"/></item>
<item name="CLKIN" rev="103">
<attrib name="value" value="1"/></item>
<item name="PSCLK" rev="103">
<attrib name="value" value="1"/></item>
<item name="PSEN" rev="103">
<attrib name="value" value="1"/></item>
<item name="PSINCDEC" rev="103">
<attrib name="value" value="1"/></item>
<item name="RST" rev="103">
<attrib name="value" value="1"/></item>
</group>
<group name="BUFGMUX">
<item name="I0" rev="103">
<attrib name="value" value="9"/></item>
<item name="O" rev="103">
<attrib name="value" value="9"/></item>
<item name="S" rev="103">
<attrib name="value" value="9"/></item>
</group>
<group name="SLICEL_FAND">
<item name="0" rev="103">
<attrib name="value" value="4"/></item>
<item name="1" rev="103">
<attrib name="value" value="4"/></item>
<item name="O" rev="103">
<attrib name="value" value="4"/></item>
</group>
<group name="DCM">
<item name="CLK0" rev="103">
<attrib name="value" value="1"/></item>
<item name="CLKFB" rev="103">
<attrib name="value" value="1"/></item>
<item name="CLKFX" rev="103">
<attrib name="value" value="1"/></item>
<item name="CLKIN" rev="103">
<attrib name="value" value="1"/></item>
<item name="PSCLK" rev="103">
<attrib name="value" value="1"/></item>
<item name="PSEN" rev="103">
<attrib name="value" value="1"/></item>
<item name="PSINCDEC" rev="103">
<attrib name="value" value="1"/></item>
<item name="RST" rev="103">
<attrib name="value" value="1"/></item>
</group>
<group name="SLICEL_F">
<item name="A1" rev="103">
<attrib name="value" value="1011"/></item>
<item name="A2" rev="103">
<attrib name="value" value="951"/></item>
<item name="A3" rev="103">
<attrib name="value" value="869"/></item>
<item name="A4" rev="103">
<attrib name="value" value="559"/></item>
<item name="D" rev="103">
<attrib name="value" value="1061"/></item>
</group>
<group name="SLICEL_G">
<item name="A1" rev="103">
<attrib name="value" value="1012"/></item>
<item name="A2" rev="103">
<attrib name="value" value="970"/></item>
<item name="A3" rev="103">
<attrib name="value" value="887"/></item>
<item name="A4" rev="103">
<attrib name="value" value="578"/></item>
<item name="D" rev="103">
<attrib name="value" value="1064"/></item>
</group>
<group name="RAMB16_RAMB16">
<item name="ADDRA" rev="103">
<attrib name="value" value="17"/></item>
<item name="ADDRB" rev="103">
<attrib name="value" value="17"/></item>
<item name="DIA" rev="103">
<attrib name="value" value="17"/></item>
<item name="DIB" rev="103">
<attrib name="value" value="17"/></item>
<item name="DOA" rev="103">
<attrib name="value" value="17"/></item>
<item name="DOB" rev="103">
<attrib name="value" value="17"/></item>
</group>
<group name="SLICEL_GNDF">
<item name="0" rev="103">
<attrib name="value" value="40"/></item>
</group>
<group name="SLICEL_GNDG">
<item name="0" rev="103">
<attrib name="value" value="36"/></item>
</group>
</ReportPinData>
<CmdHistory>
</CmdHistory>
</DeviceUsageSummary>
